{"cameraMode":{"drawMode":0,"name":"Shaded","section":"Shading Mode"},"sceneLighting":true,"audioPlay":false,"sceneViewState":{"showFog":true,"showMaterialUpdate":false,"showSkybox":true,"showFlares":true,"showImageEffects":true,"showParticleSystems":true},"in2DMode":false,"pivot":{"x":0.4854872226715088,"y":1.391283392906189,"z":0.13827013969421388},"rotation":{"x":0.05401134863495827,"y":-0.09987436980009079,"z":0.005428779870271683,"w":0.9935206174850464},"size":12.905314445495606,"orthographic":false}